Region,Total Sales,Contribution (%)
Asia,152074.97,22.039992547198416
Europe,166254.63,24.09502895931678
North America,152313.4,22.074547842017996
South America,219352.56,31.7904306514668
